Nx,Ny,n_files,a,b
1600,1600,20,10.000000,10.000000