Nx,Ny,n_files,a,b
800,800,22,10.000000,10.000000