Nx,Ny,n_files,a,b
200,200,202,10.000000,10.000000